landmark_id,landmark_name,x,y,z,pixel_x,pixel_y
0,WRIST,0.448316752910614,0.8243902921676636,1.4864566537653445e-06,112,412
1,THUMB_CMC,0.7136828899383545,0.7195296287536621,-0.09602347761392593,178,359
2,THUMB_MCP,0.7857968211174011,0.5744929909706116,-0.11562163382768631,196,287
3,THUMB_IP,0.5864588022232056,0.47022053599357605,-0.1307937651872635,146,235
4,THUMB_TIP,0.383861780166626,0.4229693114757538,-0.14649301767349243,95,211
5,INDEX_FINGER_MCP,0.7553553581237793,0.4479505717754364,-0.0020283989142626524,188,223
6,INDEX_FINGER_PIP,0.7615078091621399,0.29540103673934937,-0.05919916555285454,190,147
7,INDEX_FINGER_DIP,0.7421679496765137,0.19867031276226044,-0.12109503149986267,185,99
8,INDEX_FINGER_TIP,0.7207339406013489,0.11391821503639221,-0.17087538540363312,180,56
9,MIDDLE_FINGER_MCP,0.5760530829429626,0.432178258895874,-0.013969926163554192,144,216
10,MIDDLE_FINGER_PIP,0.5872724056243896,0.26117128133773804,-0.06628315150737762,146,130
11,MIDDLE_FINGER_DIP,0.5857092142105103,0.146735280752182,-0.13548217713832855,146,73
12,MIDDLE_FINGER_TIP,0.5860201120376587,0.05049094557762146,-0.18615134060382843,146,25
13,RING_FINGER_MCP,0.4153585433959961,0.44893044233322144,-0.0453006736934185,103,224
14,RING_FINGER_PIP,0.41359400749206543,0.28383150696754456,-0.11186287552118301,103,141
15,RING_FINGER_DIP,0.4275853633880615,0.17351406812667847,-0.18010586500167847,106,86
16,RING_FINGER_TIP,0.4361686706542969,0.08252787590026855,-0.22355502843856812,109,41
17,PINKY_MCP,0.2450072467327118,0.49106070399284363,-0.08637887984514236,61,245
18,PINKY_PIP,0.2374497950077057,0.3644449710845947,-0.1470787525177002,59,182
19,PINKY_DIP,0.2550620436668396,0.27682867646217346,-0.18061991035938263,63,138
20,PINKY_TIP,0.27557680010795593,0.19809706509113312,-0.2033507078886032,68,99
