hand_index,landmark_id,landmark_name,x,y,z,pixel_x,pixel_y,sign_label,x_norm,y_norm,z_norm
0,0,WRIST,0.16584864258766174,0.9691123962402344,1.9203930889943877e-07,179,585,OK,0.0,0.0,0.0
0,1,THUMB_CMC,0.24449360370635986,0.8732985258102417,-0.01815076172351837,264,527,OK,0.09740360028347132,-0.11866769090126052,-0.022480375346741147
0,2,THUMB_MCP,0.29727238416671753,0.7545695304870605,-0.03390893340110779,321,455,OK,0.16277133856298726,-0.26571629310048955,-0.04199723483079155
0,3,THUMB_IP,0.3400510847568512,0.670620858669281,-0.05501170456409454,367,405,OK,0.2157537470181045,-0.36968866154919394,-0.06813350418606279
0,4,THUMB_TIP,0.3253157436847687,0.627602756023407,-0.0735776498913765,351,379,OK,0.19750368685646877,-0.4229675749782177,-0.09112785616767248
0,5,INDEX_FINGER_MCP,0.2057127058506012,0.5566580295562744,0.006345386151224375,222,336,OK,0.04937256282545474,-0.5108342568447797,0.00785866942022187
0,6,INDEX_FINGER_PIP,0.2445661425590515,0.4573372006416321,-0.04207203537225723,264,276,OK,0.09749344132747585,-0.6338453968061012,-0.0521074251107638
0,7,INDEX_FINGER_DIP,0.2793554663658142,0.5195854902267456,-0.08748232573270798,301,313,OK,0.1405808221590561,-0.5567494528215016,-0.10834911826069024
0,8,INDEX_FINGER_TIP,0.29725784063339233,0.5972731113433838,-0.11102759838104248,321,360,OK,0.16275332606114903,-0.46053154023587634,-0.1375104821037256
0,9,MIDDLE_FINGER_MCP,0.17003217339515686,0.5427854061126709,-0.009285654872655869,183,327,OK,0.005181399504182093,-0.528015821303111,-0.011500735813721201
0,10,MIDDLE_FINGER_PIP,0.1869669407606125,0.3675330579280853,-0.03421398252248764,201,221,OK,0.02615549991563539,-0.7450699011639581,-0.04237504521130483
0,11,MIDDLE_FINGER_DIP,0.21389314532279968,0.26489967107772827,-0.0626368522644043,231,159,OK,0.05950422600080482,-0.8721837206167122,-0.0775774256800594
0,12,MIDDLE_FINGER_TIP,0.24042008817195892,0.16956329345703125,-0.08412203192710876,259,102,OK,0.09235845723530514,-0.9902600256481944,-0.10418731679216879
0,13,RING_FINGER_MCP,0.1331864297389984,0.5670307278633118,-0.03367321193218231,143,342,OK,-0.04045290479428403,-0.4979874304825057,-0.04170528834864126
0,14,RING_FINGER_PIP,0.1478433459997177,0.3924388885498047,-0.05721903592348099,159,237,OK,-0.02229997557237628,-0.7142234548551555,-0.07086733504266843
0,15,RING_FINGER_DIP,0.16919861733913422,0.2887793481349945,-0.07775017619132996,182,174,OK,0.00414902108171514,-0.8426081891917073,-0.09629562633516654
0,16,RING_FINGER_TIP,0.19247514009475708,0.20007643103599548,-0.09175152331590652,207,120,OK,0.032977531977103895,-0.952468800198286,-0.113636618044655
0,17,PINKY_MCP,0.0978483259677887,0.6197504997253418,-0.061669621616601944,105,374,OK,-0.0842199622833414,-0.43269277571454645,-0.07637948818908308
0,18,PINKY_PIP,0.09248436987400055,0.49076712131500244,-0.07478596270084381,99,296,OK,-0.09086334576100469,-0.5924416681442919,-0.09262437948253709
0,19,PINKY_DIP,0.1026659831404686,0.4025289714336395,-0.07774824649095535,110,243,OK,-0.07825318263369206,-0.7017266542202006,-0.09629323635669518
0,20,PINKY_TIP,0.12207096070051193,0.32118865847587585,-0.08107427507638931,131,193,OK,-0.05421966985827776,-0.8024685099929132,-0.10041259955884678
1,0,WRIST,0.8523083925247192,0.9859414100646973,-1.7089126913560904e-07,920,595,OK,0.0,0.0,0.0
1,1,THUMB_CMC,0.7801980376243591,0.89037024974823,-0.01758861355483532,842,537,OK,-0.08416331840223974,-0.11154550559209862,-0.020528281994155958
1,2,THUMB_MCP,0.7241184711456299,0.7650008201599121,-0.03775599226355553,782,462,OK,-0.14961636486041616,-0.25786994450144146,-0.04406655909660429
1,3,THUMB_IP,0.6760144233703613,0.6753135323524475,-0.06367424130439758,730,407,OK,-0.20576081588885314,-0.3625481113306448,-0.07431694199191911
1,4,THUMB_TIP,0.687761664390564,0.5978056788444519,-0.0865546390414238,742,361,OK,-0.19205006952382273,-0.4530110991010047,-0.10102170863149651
1,5,INDEX_FINGER_MCP,0.814604640007019,0.5648986101150513,0.0065925405360758305,879,341,OK,-0.04400578713682912,-0.4914184555338476,0.007694657331258647
1,6,INDEX_FINGER_PIP,0.7795538306236267,0.4625052213668823,-0.04879631847143173,841,279,OK,-0.0849152020810056,-0.6109264983302564,-0.05695223260607466
1,7,INDEX_FINGER_DIP,0.7379465103149414,0.507896363735199,-0.09586266428232193,796,306,OK,-0.13347702308219955,-0.5579484042262298,-0.1118855338495011
1,8,INDEX_FINGER_TIP,0.7145466804504395,0.5798830986022949,-0.11845443397760391,771,350,OK,-0.16078804289572818,-0.4739293684618287,-0.13825342940016622
1,9,MIDDLE_FINGER_MCP,0.8511664867401123,0.5408238768577576,-0.007239464204758406,919,326,OK,-0.0013327708658212802,-0.5195171861999545,-0.008449312848235059
1,10,MIDDLE_FINGER_PIP,0.8440280556678772,0.3539828360080719,-0.03731658682227135,911,213,OK,-0.009664362744062955,-0.737587975525101,-0.04355370875612854
1,11,MIDDLE_FINGER_DIP,0.8237495422363281,0.23305228352546692,-0.05739655718207359,889,140,OK,-0.033332350303156726,-0.8787315963991874,-0.06698996754635027
1,12,MIDDLE_FINGER_TIP,0.8060863018035889,0.13314926624298096,-0.06855315715074539,870,80,OK,-0.05394793222076181,-0.9953330118894936,-0.08001134952050906
1,13,RING_FINGER_MCP,0.8913899660110474,0.5630031824111938,-0.031065359711647034,962,340,OK,0.04561390548604745,-0.4936306965576036,-0.03625761350818295
1,14,RING_FINGER_PIP,0.8873193264007568,0.3806968033313751,-0.055660683661699295,958,229,OK,0.040862874401884255,-0.7064088731517334,-0.06496394956317501
1,15,RING_FINGER_DIP,0.8707769513130188,0.260280042886734,-0.06547489017248154,940,157,OK,0.021555506083390203,-0.8469528236602608,-0.0764185622685713
1,16,RING_FINGER_TIP,0.855116605758667,0.16044336557388306,-0.06806182861328125,923,96,OK,0.0032775950815483765,-0.9634768107147356,-0.07943789734161132
1,17,PINKY_MCP,0.9265856146812439,0.6207940578460693,-0.05877513065934181,1000,374,OK,0.08669236903675621,-0.4261803025512178,-0.06859896418308195
1,18,PINKY_PIP,0.9386945962905884,0.4700181186199188,-0.07017316669225693,1013,283,OK,0.10082531951415064,-0.6021578497151673,-0.08190213731437444
1,19,PINKY_DIP,0.9384097456932068,0.36745572090148926,-0.06799008697271347,1013,221,OK,0.10049285725463712,-0.7218631506695276,-0.07935416436669879
1,20,PINKY_TIP,0.9370866417884827,0.27686843276023865,-0.06369870156049728,1012,167,OK,0.098948601712331,-0.8275917493647121,-0.07434549068406138
